Filename,Actual_Plate
vehicle_0001.jpeg,KA19TR02
vehicle_0002.jpg,RJ27TC0530
vehicle_0003.jpeg,MH20CS9817
vehicle_0004.jpeg,KL05AK3300
vehicle_0005.jpeg,MP09CP9052
vehicle_0006.jpeg,TN43J0158
vehicle_0007.jpeg,MH12JC2813
vehicle_0008.jpeg,MH14DT8831
vehicle_0009.jpg,RJ27TC0530
vehicle_0010.jpg,KL63C8800
vehicle_0011.jpg,MH46X9996
vehicle_0012.jpg,TN21AT0480
vehicle_0013.jpeg,HR26CK8571
vehicle_0014.jpg,TN21AT0479
vehicle_0015.jpeg,MH20BY3665
vehicle_0016.jpeg,TN52U1580
vehicle_0017.jpeg,MH20CS1941
vehicle_0018.jpeg,TN59AQ1515
vehicle_0019.jpeg,TN66U8215
vehicle_0020.jpeg,HR26BR9044
vehicle_0021.jpeg,HR26DA5443
vehicle_0022.jpeg,HR26BP3543
vehicle_0023.jpeg,DL10CG4693
vehicle_0024.jpeg,KA01MA6989
vehicle_0025.jpeg,MH06AW8929
vehicle_0026.png,KA51MJ8156
vehicle_0027.jpeg,HP896786
vehicle_0028.jpeg,HP896786
vehicle_0029.jpg,KA04MN3622
vehicle_0030.jpg,RJ27TC0530
vehicle_0031.jpeg,KA42TC131011
vehicle_0032.jpeg,KL38F5008
vehicle_0033.jpeg,KL10AV6342
vehicle_0034.jpeg,TN07BV5200
vehicle_0035.jpeg,DL758Y1790
vehicle_0036.jpeg,DL13S0155
vehicle_0037.jpeg,KL09AL9405
vehicle_0038.jpeg,MH20BY4465
vehicle_0039.jpeg,TN37CR4019
vehicle_0040.png,KA03AB3380
vehicle_0041.jpg,TN19H3322
vehicle_0042.jpg,TERRANO
vehicle_0043.jpeg,TN45BA1065
vehicle_0044.jpg,MH21V9926
vehicle_0045.jpeg,KL20K7561
vehicle_0046.jpeg,HR26CF5868
vehicle_0047.jpg,TN21TC611
vehicle_0048.jpg,DL6CM6683
vehicle_0049.jpg,RJ27TC0530
vehicle_0050.jpg,DL14CTC0153
vehicle_0051.jpeg,MH14EU3498
vehicle_0052.jpeg,KA05HS4495
vehicle_0053.jpg,RJ27TC0530
vehicle_0054.jpeg,GJ07BR1336
vehicle_0055.jpeg,MH06AW8929
vehicle_0056.jpeg,DL12CG6648
vehicle_0057.png,DL6CAB123X
vehicle_0058.jpeg,W0BNP300
vehicle_0059.jpeg,KL06H5834
vehicle_0060.jpeg,MH20EU9991
vehicle_0061.jpg,TN42R2697
vehicle_0062.jpeg,HR26DA0471
vehicle_0063.jpg,HR26TC7303
vehicle_0064.jpeg,GJW115A1138
vehicle_0065.jpeg,HR26U7501
vehicle_0066.jpeg,WB07D5106
vehicle_0067.jpeg,MH14TCD204
vehicle_0068.jpeg,HR26CT4063
vehicle_0069.jpeg,KL01AX8000
vehicle_0070.jpg,TN19TC91
vehicle_0071.jpeg,HR26CH3604
vehicle_0072.jpg,MH14TC206AN
vehicle_0073.jpeg,MH12DE1433
vehicle_0074.jpeg,MH02CB4545
vehicle_0075.jpg,TN21AT0480
vehicle_0076.jpeg,MH14GN9239
vehicle_0077.jpeg,MH20TC640B
vehicle_0078.jpeg,HR26DA0471
vehicle_0079.jpeg,MH14EP4660
vehicle_0080.jpeg,KA031351
vehicle_0081.jpeg,MH15TC554
vehicle_0082.jpeg,KL16J3636
vehicle_0083.jpeg,PB08CX2959
vehicle_0084.jpeg,KL10AV6342
vehicle_0085.jpeg,KA03MX5058
vehicle_0086.jpg,TN21AU7234
vehicle_0087.jpeg,MH13BN4348
vehicle_0088.jpeg,DL3CAY2231
vehicle_0089.jpeg,MP09CC1667
vehicle_0090.jpg,MH03CB6467
vehicle_0091.jpeg,MH14EH7958
vehicle_0092.jpeg,MH20CS1941
vehicle_0093.jpeg,HR26DK0830
vehicle_0094.jpg,RJ27TC0530
vehicle_0095.jpeg,KL01CC50
vehicle_0096.jpeg,HR26TC7099
vehicle_0097.jpg,RJ27TC0530
vehicle_0098.jpg,RJ27TC0530
vehicle_0099.jpeg,KL53E964
vehicle_0100.jpeg,KL54H369
vehicle_0101.jpeg,MH20EE7598
vehicle_0102.jpeg,MH14EY5972
vehicle_0103.jpeg,GJ01MW7581
vehicle_0104.jpg,RJ27TC0530
vehicle_0105.jpeg,KL01KLKL01
vehicle_0106.jpeg,RJ27TA1143
vehicle_0107.jpeg,KL01AU585
vehicle_0108.jpeg,TN09CH7770
vehicle_0109.jpeg,TN42R2697
vehicle_0110.jpeg,MH01AR5274
vehicle_0111.jpeg,MH02BK9793
vehicle_0112.jpg,DL1N4268
vehicle_0113.jpg,RJ02CC0784
vehicle_0114.jpeg,MH01AR5274
vehicle_0115.jpeg,MH15TC554
vehicle_0116.jpeg,DL12C3536
vehicle_0117.jpg,TN42R2697
vehicle_0118.jpeg,HR99BJ6662
vehicle_0119.jpeg,MH01BU5207
vehicle_0120.jpeg,TS09EB1458
vehicle_0121.jpeg,MH20TC830C
vehicle_0122.jpeg,MH14TCE4
vehicle_0123.jpeg,KL60N5344
vehicle_0124.jpg,AS23M1264
vehicle_0125.jpeg,WB74X7605
vehicle_0126.jpeg,MH14TCF300
vehicle_0127.jpeg,MH20CS1938
vehicle_0128.jpg,TN19TC94
vehicle_0129.jpeg,HR696969
vehicle_0130.jpeg,AP02BP2454
vehicle_0131.jpg,DL14CTC0153
vehicle_0132.jpeg,KL02AF6363
vehicle_0133.png,DL6CAB123X
vehicle_0134.jpeg,KL55R2473
vehicle_0135.jpeg,PB03AGT8979
vehicle_0136.jpeg,TN02TC0143
vehicle_0137.jpeg,HR26DG6167
vehicle_0138.jpg,KL65H4383
vehicle_0139.jpeg,MH02BM5048
vehicle_0140.jpeg,HR26BP3543
vehicle_0141.jpg,KL10AV6342
vehicle_0142.jpeg,HR26CT6702
vehicle_0143.jpeg,MH20TC189B
vehicle_0144.jpeg,MH20EE7598
vehicle_0145.jpeg,TN38BY4191
vehicle_0146.jpeg,GJ05JD9759
vehicle_0147.jpeg,UP16TC1366
vehicle_0148.jpeg,MH14EH5819
vehicle_0149.jpg,DL6CM6683
vehicle_0150.jpeg,HR99EX6037
vehicle_0151.jpeg,DEVANAGRI
vehicle_0152.jpeg,HR26BA8008
vehicle_0153.jpeg,MH12DE1433
vehicle_0154.jpeg,TN28BA9999
vehicle_0155.jpg,RJ27TC0530
vehicle_0156.jpg,RJ27TC0530
vehicle_0157.jpeg,MH20DJ0419
vehicle_0158.jpeg,TN59AQ1515
vehicle_0159.jpeg,MH20CS4946
vehicle_0160.png,KA03NA8385
vehicle_0161.jpeg,MH02AJ344
vehicle_0162.jpeg,MH20BY3665
vehicle_0163.jpeg,KL43B2344
vehicle_0164.jpeg,KL454455
vehicle_0165.jpeg,KL10AW2814
vehicle_0166.jpeg,KL01KL0KL01
vehicle_0167.jpg,DUSTER
vehicle_0168.jpg,RJ27TC0530
vehicle_0169.jpg,RJ27TC0530
vehicle_0170.jpeg,MH01AV8866
vehicle_0171.jpg,RJ27TC0530
vehicle_0172.jpg,RJ27TC0530
vehicle_0173.jpeg,HR26CM6005
vehicle_0174.jpeg,TS08ER1643
vehicle_0175.jpeg,AP28N3107
vehicle_0176.jpeg,KA5122727
vehicle_0177.jpeg,MH02CT2727
vehicle_0178.jpeg,TN99F2378
vehicle_0179.jpeg,KL13AA6340
vehicle_0180.jpeg,KL57A111
vehicle_0181.jpeg,MH14TCF460
vehicle_0182.jpeg,MH01AE8017
vehicle_0183.jpeg,HR99HA4575
vehicle_0184.jpeg,HR26CT6702
vehicle_0185.jpeg,MH20BN3525
vehicle_0186.jpeg,KL60N5344
vehicle_0187.jpeg,GJ7BB766
vehicle_0188.jpeg,MH14TC947
vehicle_0189.jpeg,MH14DT8831
vehicle_0190.jpeg,AP02BP2454
vehicle_0191.png,CH01AN0001
vehicle_0192.jpeg,DL10CG4693
vehicle_0193.jpeg,DL12C3536
vehicle_0194.jpeg,DL3CAY2231
vehicle_0195.jpeg,DL3CAY9324
vehicle_0196.jpg,DL6CM6683
vehicle_0197.jpg,DL6CM6683
vehicle_0198.png,DL7CN5617
vehicle_0199.png,DL8CX4850
vehicle_0200.png,GJ03JL0126
vehicle_0201.jpg,GJ05JH2501
vehicle_0202.jpg,GJ05JH2501
vehicle_0203.jpeg,GJW115A1138
vehicle_0204.jpg,HR11F7575
vehicle_0205.png,HR26AZ5927
vehicle_0206.jpeg,HR26BA8008
vehicle_0207.png,HR26BC5514
vehicle_0208.png,HR26BC5514
vehicle_0209.jpeg,HR26BP3543
vehicle_0210.jpeg,HR26BP3543
vehicle_0211.png,HR26BR9044
vehicle_0212.png,HR26BU0380
vehicle_0213.png,HR26CB1900
vehicle_0214.png,HR26CE1485
vehicle_0215.jpeg,HR26CH3604
vehicle_0216.jpeg,HR26CK8571
vehicle_0217.jpeg,HR26CM6005
vehicle_0218.jpeg,HR26CR3302
vehicle_0219.jpeg,HR26CT4063
vehicle_0220.jpeg,HR26CT6702
vehicle_0221.jpeg,HR26CT6702
vehicle_0222.png,HR26CU6799
vehicle_0223.jpeg,HR26DA0471
vehicle_0224.jpeg,HR26DA2330
vehicle_0225.jpeg,HR26DG6167
vehicle_0226.jpeg,HR26U7501
vehicle_0227.jpg,HR51AY9099
vehicle_0228.jpeg,HR696969
vehicle_0229.jpeg,HR99BJ6662
vehicle_0230.jpeg,HR99EX6037
vehicle_0231.jpeg,HR26DK0830
vehicle_0232.png,KL01CA2555
vehicle_0233.jpeg,KA031351
vehicle_0234.png,KA03MG2784
vehicle_0235.png,KA03NA8385
vehicle_0236.jpg,KA04MN3622
vehicle_0237.png,KA05MG1909
vehicle_0238.jpg,KA18P2987
vehicle_0239.jpeg,KA29Z999
vehicle_0240.png,KA51MJ8156
vehicle_0241.jpeg,KL01AX8000
vehicle_0242.jpeg,KL01CA2555
vehicle_0243.png,KL01CC50
vehicle_0244.jpeg,KL01KL0KL01
vehicle_0245.jpeg,KL09AL9405
vehicle_0246.jpeg,KL05AK3300
vehicle_0247.jpeg,KL07CB8599
vehicle_0248.jpeg,KL10AV6342
vehicle_0249.jpg,KL10AV6342
vehicle_0250.jpg,KL10AV6633
vehicle_0251.jpeg,KL10AW2111
vehicle_0252.jpeg,KL10AW2814
vehicle_0253.jpeg,KL10AW2814
vehicle_0254.jpeg,KL12G7531
vehicle_0255.jpeg,KL16J3636
vehicle_0256.jpeg,KL20K7561
vehicle_0257.jpeg,KL43B2344
vehicle_0258.jpeg,KL454455
vehicle_0259.jpeg,KL53E964
vehicle_0260.png,KL54A2670
vehicle_0261.jpeg,KL54H369
vehicle_0262.jpeg,KL55R2473
vehicle_0263.jpeg,KL60N5344
vehicle_0264.jpeg,KL60N5344
vehicle_0265.jpg,KL65H4383
vehicle_0266.jpeg,MH01AE8017
vehicle_0267.jpeg,MH01AR5274
vehicle_0268.png,MH01AV8866
vehicle_0269.jpeg,MH01BU5207
vehicle_0270.jpeg,MH02BM5048
vehicle_0271.jpeg,MH02CB4545
vehicle_0272.jpeg,MH03BS7778
vehicle_0273.jpeg,MH03BS7778
vehicle_0274.jpeg,MH03BS7778
vehicle_0275.jpg,MH03CB6467
vehicle_0276.jpeg,MH04DW8351
vehicle_0277.jpeg,MH06AW8929
vehicle_0278.jpeg,MH06AW8929
vehicle_0279.png,MH12BG7237
vehicle_0280.png,MH12DE1433
vehicle_0281.jpeg,MH12DE1433
vehicle_0282.jpeg,MH12JC2813
vehicle_0283.png,MH12NE8922
vehicle_0284.jpeg,MH14DT8831
vehicle_0285.png,MH14DX9937
vehicle_0286.jpeg,MH14EH5819
vehicle_0287.jpeg,MH14EH7958
vehicle_0288.jpeg,MH14EH7958
vehicle_0289.jpeg,MH14EP4660
vehicle_0290.jpeg,MH14EU3498
vehicle_0291.png,MH15BD8877
vehicle_0292.jpeg,MH20BN3525
vehicle_0293.jpeg,MH20BN3525
vehicle_0294.png,MH20BQ20
vehicle_0295.jpeg,MH20BY3665
vehicle_0296.jpeg,MH20BY3665
vehicle_0297.jpeg,MH20BY4465
vehicle_0298.jpeg,MH20CS1938
vehicle_0299.jpeg,MH20CS1941
vehicle_0300.jpeg,MH20CS1941
vehicle_0301.jpeg,MH20CS4946
vehicle_0302.jpeg,MH20CS9817
vehicle_0303.jpeg,MH20DJ0419
vehicle_0304.jpeg,MH20DV2362
vehicle_0305.jpeg,MH20EE045
vehicle_0306.jpeg,MH20EE0943
vehicle_0307.jpeg,MH20EE7597
vehicle_0308.jpeg,MH20EE7598
vehicle_0309.jpeg,MH20EE7598
vehicle_0310.png,MH20EJ0364
vehicle_0311.jpg,MH21V9926
vehicle_0312.jpg,MH46X9996
vehicle_0313.jpeg,PB08CX2959
vehicle_0314.jpg,RJ02CC0784
vehicle_0315.jpeg,TN07BU5427
vehicle_0316.jpeg,TN07BU5427
vehicle_0317.jpeg,TN07BV5200
vehicle_0318.jpeg,TN09CH7770
vehicle_0319.png,TN19S4523
vehicle_0320.jpg,TN21AT0479
vehicle_0321.jpg,TN21AT0480
vehicle_0322.jpg,TN21AT0480
vehicle_0323.jpg,TN21AT0492
vehicle_0324.png,TN21AU1153
vehicle_0325.png,TN21BC6225
vehicle_0326.png,TN21BY0166
vehicle_0327.png,TN21BZ0768
vehicle_0328.png,TN21BZ0768
vehicle_0329.jpeg,TN28BA9999
vehicle_0330.jpeg,TN37CR4019
vehicle_0331.jpeg,TN38BW1139
vehicle_0332.jpeg,TN38BY4191
vehicle_0333.jpg,TN42R2697
vehicle_0334.jpeg,TN45BA1065
vehicle_0335.jpeg,TN52U1580
vehicle_0336.jpeg,TN58AM1
vehicle_0337.jpg,TN59BE0939
vehicle_0338.jpeg,TN66U8215
vehicle_0339.jpeg,TN74AH1413
vehicle_0340.jpeg,TN74AL5074
vehicle_0341.jpeg,TN74F3339
vehicle_0342.jpeg,TN99F2378
vehicle_0343.png,TS08ER1643
vehicle_0344.jpg,UP16CT2233
vehicle_0345.jpg,UP32FH2653
vehicle_0346.jpg,UP50AS4535
vehicle_0347.jpeg,WB74X7605
vehicle_0348.jpeg,KA51AA3469
vehicle_0349.jpeg,KL07BF2007
vehicle_0350.jpg,TN21TC31
vehicle_0351.jpeg,MH14TCF460
vehicle_0352.jpeg,MH14EH7958
vehicle_0353.jpeg,KL12G7531
vehicle_0354.jpeg,MH20EE045
vehicle_0355.jpeg,MH20EE7601
vehicle_0356.jpg,RJ27TC0530
vehicle_0357.jpeg,KL01CA2555
vehicle_0358.jpeg,ASM1634
vehicle_0359.jpeg,HR26TC5656
vehicle_0360.jpeg,HR26BU0375
vehicle_0361.jpeg,KL07CB8599
vehicle_0362.jpeg,MH46Z8892
vehicle_0363.jpeg,UP65CM21149
vehicle_0364.jpeg,UP80CR00
vehicle_0365.jpeg,KL25B2001
vehicle_0366.jpeg,GJ1KF1111
vehicle_0367.jpeg,HR26DA2330
vehicle_0368.jpeg,KA04ME9869
vehicle_0369.jpeg,KA01D1330
vehicle_0370.jpeg,GJ17TC214
vehicle_0371.jpeg,HR26DK6475
vehicle_0372.jpeg,MH14TCP237
vehicle_0373.jpeg,KL49H5270
vehicle_0374.jpeg,MH04DW8351
vehicle_0375.jpeg,TN42R2697
vehicle_0376.jpeg,KL10AW2814
vehicle_0377.jpeg,HPSX4000
vehicle_0378.jpeg,KA51MJ2143
vehicle_0379.jpeg,MH20EE0943
vehicle_0380.jpeg,KL7BZ99
vehicle_0381.jpg,RJ27TC0530
vehicle_0382.jpeg,PY01BL1155
vehicle_0383.jpeg,TN58AM1
vehicle_0384.jpg,TN21AU7234
vehicle_0385.jpg,BLUR
vehicle_0386.jpeg,TN66T5836
vehicle_0387.jpeg,MH20CS1938
vehicle_0388.jpg,TN19TC94
vehicle_0389.jpeg,TN02BL9
vehicle_0390.jpeg,MH20DV2362
vehicle_0391.jpeg,UP16AB3726
vehicle_0392.jpeg,MH02B16890
vehicle_0393.jpeg,KL10AW2111
vehicle_0394.jpg,RJ09C84382
vehicle_0395.jpeg,PB08CX2959
vehicle_0396.jpeg,MH20BN3525
vehicle_0397.jpeg,TN42R2697
vehicle_0398.jpeg,KL10AV6633
vehicle_0399.jpg,KL10AV6633
vehicle_0400.jpg,AN01P9687
vehicle_0401.jpg,AN01K9412
vehicle_0402.jpg,AN01D4163
vehicle_0403.jpg,AN01M4M
vehicle_0404.jpg,AN01L6155
vehicle_0405.jpg,AN01H1689
vehicle_0406.jpg,AN01H0908
vehicle_0407.jpg,AP05BY7799
vehicle_0408.jpg,AP39E1493
vehicle_0409.jpg,AP310U7562
vehicle_0410.jpg,AP39JJ5441
vehicle_0411.jpg,AP10AS3445
vehicle_0412.jpg,AP28AT5333
vehicle_0413.jpg,AP39GR3492
vehicle_0414.jpg,AP31TP2282
vehicle_0415.jpg,AP16BS4500
vehicle_0416.jpg,AP04M7627
vehicle_0417.jpg,AP07AN3915
vehicle_0418.jpg,AP04AS8753
vehicle_0419.jpg,AP31AT5064
vehicle_0420.jpg,AP16CH9545
vehicle_0421.jpg,AP39DL3537
vehicle_0422.jpg,AP07AD5555
vehicle_0423.jpg,AP26AM1260
vehicle_0424.jpg,AP31BR9501
vehicle_0425.jpg,AP31EF1155
vehicle_0426.jpg,AP31DF2833
vehicle_0427.jpg,AP2D4014
vehicle_0428.jpg,AP31DT9378
vehicle_0429.jpg,AP31DA0020
vehicle_0430.jpg,AP37EJ2277
vehicle_0431.jpg,AP05DY3395
vehicle_0432.jpg,AP39HZ0087
vehicle_0433.jpg,AP04BA4464
vehicle_0434.jpg,AP5CG6320
vehicle_0435.jpg,AP31TV6847
vehicle_0436.jpg,AP31BG7827
vehicle_0437.jpg,AP318L4935
vehicle_0438.jpg,AP31BL2833
vehicle_0439.jpg,AP31CS2511
vehicle_0440.jpg,AP39TP0211
vehicle_0441.jpg,AP31TV7236
vehicle_0442.jpg,AP31BL8656
vehicle_0443.jpg,AP16DP7065
vehicle_0444.jpg,AR048395
vehicle_0445.jpg,AR152019
vehicle_0446.jpg,AR01J0123
vehicle_0447.jpg,AR118724
vehicle_0448.jpg,AR200692
vehicle_0449.jpg,AR01F2523
vehicle_0450.jpg,AR169723
vehicle_0451.jpg,AR01C5723
vehicle_0452.jpg,AR168272
vehicle_0453.jpg,AR02A7116
vehicle_0454.jpg,AR08983
vehicle_0455.jpg,AR01E1034
vehicle_0456.jpg,AS23H2866
vehicle_0457.jpg,AS01DG6002
vehicle_0458.jpg,AS01DS7523
vehicle_0459.jpg,AS25S6858
vehicle_0460.jpg,AS018P2415
vehicle_0461.jpg,AS01BF9673
vehicle_0462.jpg,AS01AL3746
vehicle_0463.jpg,AS01AR1986
vehicle_0464.jpg,AS04P4549
vehicle_0465.jpg,AS06U1295
vehicle_0466.jpg,AS07AC6653
vehicle_0467.jpg,AS01AT8119
vehicle_0468.jpg,AS23X5585
vehicle_0469.jpg,AS01AN8668
vehicle_0470.jpg,AS19D9919
vehicle_0471.jpg,AS23G2612
vehicle_0472.jpg,AS01BS4362
vehicle_0473.jpg,AS06Z0841
vehicle_0474.jpg,AS23E0596
vehicle_0475.jpg,AS23H0770
vehicle_0476.jpg,AS12S6951
vehicle_0477.jpg,AS06Q4437
vehicle_0478.jpg,AS01AM1419
vehicle_0479.jpg,AS04X2780
vehicle_0480.jpg,BR32PA6558
vehicle_0481.jpg,BR02AF7424
vehicle_0482.jpg,BR03PA3803
vehicle_0483.jpg,BR01PL7594
vehicle_0484.jpg,BR01BL6628
vehicle_0485.jpg,BR01BR5435
vehicle_0486.jpg,BR33M0001
vehicle_0487.jpg,BF06P00006
vehicle_0488.jpg,BR01BD5042
vehicle_0489.jpg,BR01AZ6290
vehicle_0490.jpg,BR06U2470
vehicle_0491.jpg,BR01BE0777
vehicle_0492.jpg,BR7P3952
vehicle_0493.jpg,BR44E1206
vehicle_0494.jpg,BR01DG6692
vehicle_0495.jpg,BR01AW1250
vehicle_0496.jpg,CG04HD6930
vehicle_0497.jpg,CG22H7740
vehicle_0498.jpg,CG04HA4553
vehicle_0499.jpg,CG12AG1130
vehicle_0500.jpg,CG16B1802
vehicle_0501.jpg,CG09JA2359
vehicle_0502.jpg,CG07BR3255
vehicle_0503.jpg,CG07R2684
vehicle_0504.jpg,CG07MA2529
vehicle_0505.jpg,CG07CA7784
vehicle_0506.jpg,CG07MA7848
vehicle_0507.jpg,CG251612
vehicle_0508.jpg,CG04FJ5834
vehicle_0509.jpg,CG13AE4060
vehicle_0510.jpg,CG04HV7009
vehicle_0511.jpg,CG22AB1111
vehicle_0512.jpg,CG08K2057
vehicle_0513.jpg,CG04H5060
vehicle_0514.jpg,CG04HC4887
vehicle_0515.jpg,CH01BQ5604
vehicle_0516.jpg,CH01AB4559
vehicle_0517.jpg,CH01BL3528
vehicle_0518.jpg,CH03K7672
vehicle_0519.jpg,CH01AX9090
vehicle_0520.jpg,CH01AP4538
vehicle_0521.jpg,CH01AZ2642
vehicle_0522.jpg,CH01AL4920
vehicle_0523.jpg,CH01A09331
vehicle_0524.jpg,CH01AF1382
vehicle_0525.jpg,DL6CJ8404
vehicle_0526.jpg,DL9CAE1359
vehicle_0527.jpg,DL9CAP8884
vehicle_0528.jpg,DL5CH7599
vehicle_0529.jpg,DL12CJ9823
vehicle_0530.jpg,DL9CAU4743
vehicle_0531.jpg,DL8CZ7230
vehicle_0532.jpg,DL9CAV1739
vehicle_0533.jpg,DL1CS8739
vehicle_0534.jpg,DL1CT2782
vehicle_0535.jpg,DL6CR7002
vehicle_0536.jpg,DL12CL2555
vehicle_0537.jpg,DL12CS7886
vehicle_0538.jpg,DL6CL0457
vehicle_0539.jpg,DL2CAX2886
vehicle_0540.jpg,DL3CCK8019
vehicle_0541.jpg,DL9C0S1537
vehicle_0542.jpg,DL11CA4900
vehicle_0543.jpg,DL10CA0986
vehicle_0544.jpg,DL40NA7238
vehicle_0545.jpg,DL8CAL4134
vehicle_0546.jpg,DL8CAU6883
vehicle_0547.jpg,DL10C05520
vehicle_0548.jpg,DL8CNA1596
vehicle_0549.jpg,DL2CAR0108
vehicle_0550.jpg,DL4CNA7231
vehicle_0551.jpg,DL8CNA5085
vehicle_0552.jpg,DL3CBS5881
vehicle_0553.jpg,DL4CAQ3231
vehicle_0554.jpg,DL9CAU5573
vehicle_0555.jpg,DL12CN8660
vehicle_0556.jpg,DL4CAM9066
vehicle_0557.jpg,DL12CK8643
vehicle_0558.jpg,DL10CH1252
vehicle_0559.jpg,DL2CH8634
vehicle_0560.jpg,DN09H2191
vehicle_0561.jpg,DN09J1548
vehicle_0562.jpg,DN09H0968
vehicle_0563.jpg,DN09J0032
vehicle_0564.jpg,DN09D2724
vehicle_0565.jpg,DN0901438
vehicle_0566.jpg,DN0909704
vehicle_0567.jpg,DN09C0868
vehicle_0568.jpg,GA03R9230
vehicle_0569.jpg,GA01R6315
vehicle_0570.jpg,GA03P2839
vehicle_0571.jpg,GA03Y9512
vehicle_0572.jpg,GA07K6090
vehicle_0573.jpg,GA08M0184
vehicle_0574.jpg,GA01S5594
vehicle_0575.jpg,GA01C2098
vehicle_0576.jpg,GA01E5947
vehicle_0577.jpg,GA02J2129
vehicle_0578.jpg,GA07K7150
vehicle_0579.jpg,GA05B5077
vehicle_0580.jpg,GA06E3855
vehicle_0581.jpg,GJ7AG4373
vehicle_0582.jpg,GJ01RA8370
vehicle_0583.jpg,GJ06HS1855
vehicle_0584.jpg,GJ06PA0097
vehicle_0585.jpg,GJ06KP8508
vehicle_0586.jpg,GJ06DG9355
vehicle_0587.jpg,GJ01HS1902
vehicle_0588.jpg,GJ01KC9959
vehicle_0589.jpg,GJ06DQ3712
vehicle_0590.jpg,GJ01RN4259
vehicle_0591.jpg,GJ15CB3980
vehicle_0592.jpg,GJ01RK2430
vehicle_0593.jpg,GJ12CG2526
vehicle_0594.jpg,GJ18BD5216
vehicle_0595.jpg,GJ01RS0198
vehicle_0596.jpg,GJ23CC8798
vehicle_0597.jpg,GJ01HM5887
vehicle_0598.jpg,GJ09AG8384
vehicle_0599.jpg,GJ18BK6705
vehicle_0600.jpg,GJ05JB6589
vehicle_0601.jpg,GJ01RM3413
vehicle_0602.jpg,GJ06JE4788
vehicle_0603.jpg,GJ1SCG7928
vehicle_0604.jpg,GJ06FK2977
vehicle_0605.jpg,GJ34B9811
vehicle_0606.jpg,GJ16CH9827
vehicle_0607.jpg,GJ05RE8119
vehicle_0608.jpg,HP12H1324
vehicle_0609.jpg,HP52B5958
vehicle_0610.jpg,HP12H7917
vehicle_0611.jpg,HP36E3330
vehicle_0612.jpg,HP34C8986
vehicle_0613.jpg,HP3SG1539
vehicle_0614.jpg,HP22E8000
vehicle_0615.jpg,HP302165
vehicle_0616.jpg,HP20E3953
vehicle_0617.jpg,HP24C8D32
vehicle_0618.jpg,HP54C6564
vehicle_0619.jpg,HP16A2014
vehicle_0620.jpg,HP2020TR6255G
vehicle_0621.jpg,HP40B8992
vehicle_0622.jpg,HP64B3380
vehicle_0623.jpg,HP666807
vehicle_0624.jpg,HP48B2252
vehicle_0625.jpg,HP01N0304
vehicle_0626.jpg,HP01A7630
vehicle_0627.jpg,HP12C3766
vehicle_0628.jpg,HP719898
vehicle_0629.jpg,HP23A6365
vehicle_0630.jpg,HR26BQ8176
vehicle_0631.jpg,HR26BY4812
vehicle_0632.jpg,HR01H4731
vehicle_0633.jpg,HR29R9466
vehicle_0634.jpg,HR51AQ0911
vehicle_0635.jpg,HR51BU8218
vehicle_0636.jpg,HR29K7840
vehicle_0637.jpg,HR56B2626
vehicle_0638.jpg,HR26BK8597
vehicle_0639.jpg,HR26DM2296
vehicle_0640.jpg,HR29AQ4939
vehicle_0641.jpg,HR71F9259
vehicle_0642.jpg,HR26EJ7668
vehicle_0643.jpg,HR4281329
vehicle_0644.jpg,HR09G8378
vehicle_0645.jpg,HR29W8286
vehicle_0646.jpg,HR10AE9885
vehicle_0647.jpg,HR26CC7676
vehicle_0648.jpg,HR26DJ8832
vehicle_0649.jpg,HR01W0080
vehicle_0650.jpg,HR20X8432
vehicle_0651.jpg,HR29AS0015
vehicle_0652.jpg,JH01Z3792
vehicle_0653.jpg,JH02AD2533
vehicle_0654.jpg,JH01BC5210
vehicle_0655.jpg,JH01AX5392
vehicle_0656.jpg,JH01AM2354
vehicle_0657.jpg,JH10BV1496
vehicle_0658.jpg,JH08C0625
vehicle_0659.jpg,JH10S5378
vehicle_0660.jpg,JH01AR2011
vehicle_0661.jpg,JH05S3291
vehicle_0662.jpg,JH05Y9636
vehicle_0663.jpg,JH01AM0100
vehicle_0664.jpg,JH01DB1881
vehicle_0665.jpg,JH09AA2570
vehicle_0666.jpg,JH02AH0750
vehicle_0667.jpg,JH01BX0013
vehicle_0668.jpg,JH04C7104
vehicle_0669.jpg,JH01BU9956
vehicle_0670.jpg,JK02BF5058
vehicle_0671.jpg,JK02AK8967
vehicle_0672.jpg,JK03D7750
vehicle_0673.jpg,JK01AD3147
vehicle_0674.jpg,JK01AF7715
vehicle_0675.jpg,JK11D8143
vehicle_0676.jpg,JK02AJ1525
vehicle_0677.jpg,JK09B7745
vehicle_0678.jpg,JK02AS3888
vehicle_0679.jpg,JK1182360
vehicle_0680.jpg,JK127959
vehicle_0681.jpg,JK02BJ7997
vehicle_0682.jpg,JK02BJ4045
vehicle_0683.jpg,JK01AL4613
vehicle_0684.jpg,JK02CC0447
vehicle_0685.jpg,JK02BN3088
vehicle_0686.jpg,JK02AG2454
vehicle_0687.jpg,JK01D8354
vehicle_0688.jpg,JK10A5217
vehicle_0689.jpg,JK01AF0310
vehicle_0690.jpg,JK02BL1212
vehicle_0691.jpg,JK02ACB876
vehicle_0692.jpg,JK03A8042
vehicle_0693.jpg,JK13C4452
vehicle_0694.jpg,JK10B2313
vehicle_0695.jpg,JK10A4638
vehicle_0696.jpg,JK072483
vehicle_0697.jpg,JK01M4723
vehicle_0698.jpg,JK05H3594
vehicle_0699.jpg,JK01R8021
vehicle_0700.jpg,JK11B4928
vehicle_0701.jpg,JK02W2657
vehicle_0702.jpg,JK02CD0461
vehicle_0703.jpg,KA03MQ6984
vehicle_0704.jpg,KA04MG7528
vehicle_0705.jpg,KA04MK0368
vehicle_0706.jpg,KA02MF3336
vehicle_0707.jpg,KA03NC7167
vehicle_0708.jpg,KA01MG1660
vehicle_0709.jpg,KA04MK312
vehicle_0710.jpg,KA03MQ6984
vehicle_0711.jpg,KA05MF1762
vehicle_0712.jpg,KA19MF1763
vehicle_0713.jpg,KA28M3589
vehicle_0714.jpg,KA51ML4025
vehicle_0715.jpg,KA25P5080
vehicle_0716.jpg,KA38M8037
vehicle_0717.jpg,KA06C9590
vehicle_0718.jpg,KA38M8037
vehicle_0719.jpg,KA53P7604
vehicle_0720.jpg,KA51P7755
vehicle_0721.jpg,KA51D9662
vehicle_0722.jpg,KA01MB9714
vehicle_0723.jpg,KL45C4411
vehicle_0724.jpg,KL0BBJ5001
vehicle_0725.jpg,KL03S6394
vehicle_0726.jpg,KL43G6619
vehicle_0727.jpg,KL43D4444
vehicle_0728.jpg,KL43D4389
vehicle_0729.jpg,KL02AF6723
vehicle_0730.jpg,KL27D9809
vehicle_0731.jpg,KL34A7564
vehicle_0732.jpg,KL46R3613
vehicle_0733.jpg,KL41M93
vehicle_0734.jpg,KL07BU7707
vehicle_0735.jpg,KL16U8863
vehicle_0736.jpg,LA020749
vehicle_0737.jpg,MH06AB8620
vehicle_0738.jpg,MH11CQ8516
vehicle_0739.jpg,MH36H5700
vehicle_0740.jpg,MH12NJ5838
vehicle_0741.jpg,MH05BS3471
vehicle_0742.jpg,MH43X8997
vehicle_0743.jpg,MH05EQ4066
vehicle_0744.jpg,MH12GR862
vehicle_0745.jpg,MH01BT7906
vehicle_0746.jpg,MH12HN4507
vehicle_0747.jpg,MH12KN8366
vehicle_0748.jpg,MH48AK2798
vehicle_0749.jpg,MH12KJ7659
vehicle_0750.jpg,MH04DR8508
vehicle_0751.jpg,MH05CH1754
vehicle_0752.jpg,MH49AS5099
vehicle_0753.jpg,MH04HF5092
vehicle_0754.jpg,MH12FK1392
vehicle_0755.jpg,MH12HF5057
vehicle_0756.jpg,MH48AC6244
vehicle_0757.jpg,MH12MF6822
vehicle_0758.jpg,MH47N0712
vehicle_0759.jpg,MH12KY6921
vehicle_0760.jpg,MH02DN7410
vehicle_0761.jpg,ML05F6894
vehicle_0762.jpg,ML06A1659
vehicle_0763.jpg,ML05L1434
vehicle_0764.jpg,ML05F9854
vehicle_0765.jpg,ML05H1958
vehicle_0766.jpg,ML10B9308
vehicle_0767.jpg,ML111909
vehicle_0768.jpg,ML133317
vehicle_0769.jpg,ML05L5154
vehicle_0770.jpg,ML10B4503
vehicle_0771.jpg,ML04C0056
vehicle_0772.jpg,ML05Q8790
vehicle_0773.jpg,ML137827
vehicle_0774.jpg,ML05J3288
vehicle_0775.jpg,ML1032811
vehicle_0776.jpg,ML05R1934
vehicle_0777.jpg,ML0563550
vehicle_0778.jpg,ML04B8389
vehicle_0779.jpg,ML068346
vehicle_0780.jpg,ML05K9494
vehicle_0781.jpg,ML08C8061
vehicle_0782.jpg,ML04C4738
vehicle_0783.jpg,ML05C5389
vehicle_0784.jpg,ML05J8950
vehicle_0785.jpg,ML10C2674
vehicle_0786.jpg,ML04B8918
vehicle_0787.jpg,ML05H6564
vehicle_0788.jpg,ML05G3474
vehicle_0789.jpg,ML08B1100
vehicle_0790.jpg,ML08E9223
vehicle_0791.jpg,ML064696
vehicle_0792.jpg,ML05G6098
vehicle_0793.jpg,ML05D0571
vehicle_0794.jpg,ML069642
vehicle_0795.jpg,ML087084
vehicle_0796.jpg,MN05A6028
vehicle_0797.jpg,MN01G0297
vehicle_0798.jpg,MN06LA0861
vehicle_0799.jpg,MN01G5395
vehicle_0800.jpg,MN01K5346
vehicle_0801.jpg,MP04CL3546
vehicle_0802.jpg,MP08CA6293
vehicle_0803.jpg,MP07CB8897
vehicle_0804.jpg,MP04CL8840
vehicle_0805.jpg,MP65C0654
vehicle_0806.jpg,MP09CK4943
vehicle_0807.jpg,MP20TA0919
vehicle_0808.jpg,MP07CA5563
vehicle_0809.jpg,MP09BD1270
vehicle_0810.jpg,MP09CQ9712
vehicle_0811.jpg,MP45G0872
vehicle_0812.jpg,MZ01G9825
vehicle_0813.jpg,NL01CB433
vehicle_0814.jpg,NL078440
vehicle_0815.jpg,NL02C3947
vehicle_0816.jpg,NL07CA7631
vehicle_0817.jpg,NL02C9593
vehicle_0818.jpg,NL01T8152
vehicle_0819.jpg,NL07T0937
vehicle_0820.jpg,NL02C6709
vehicle_0821.jpg,OD05K6964
vehicle_0822.jpg,OR02BV0701
vehicle_0823.jpg,OR05AN4494
vehicle_0824.jpg,OD052323
vehicle_0825.jpg,OD02L4656
vehicle_0826.jpg,OD05Y5787
vehicle_0827.jpg,OR14U8730
vehicle_0828.jpg,OD14B7432
vehicle_0829.jpg,OD22J9911
vehicle_0830.jpg,OD11P6123
vehicle_0831.jpg,OD01Q4668
vehicle_0832.jpg,OR05AC0422
vehicle_0833.jpg,OR21E1033
vehicle_0834.jpg,OD02J0435
vehicle_0835.jpg,OD02AP3010
vehicle_0836.jpg,OD021481
vehicle_0837.jpg,OD25F7400
vehicle_0838.jpg,OD02V0007
vehicle_0839.jpg,OD02C2836
vehicle_0840.jpg,OD14E3131
vehicle_0841.jpg,OR08F1001
vehicle_0842.jpg,OD33L2616
vehicle_0843.jpg,PB11BG7347
vehicle_0844.jpg,PB11BN6101
vehicle_0845.jpg,PB08C03690
vehicle_0846.jpg,PB07BY3563
vehicle_0847.jpg,PB08DT7342
vehicle_0848.jpg,PB10EH0164
vehicle_0849.jpg,PB30L5010
vehicle_0850.jpg,PB23S8600
vehicle_0851.jpg,PB08BF6160
vehicle_0852.jpg,PB10CX0209
vehicle_0853.jpg,PB04S4253
vehicle_0854.jpg,PB31R8123
vehicle_0855.jpg,PB37A8269
vehicle_0856.jpg,PB06AN6162
vehicle_0857.jpg,PB02CC7299
vehicle_0858.jpg,PB02DY7380
vehicle_0859.jpg,PB10CK5005
vehicle_0860.jpg,PB04T0678
vehicle_0861.jpg,PB65AN2583
vehicle_0862.jpg,PB10EE0888
vehicle_0863.jpg,PB08DY4824
vehicle_0864.jpg,PB07BL8058
vehicle_0865.jpg,PB2313752
vehicle_0866.jpg,PB13AF6756
vehicle_0867.jpg,PB10DV5354
vehicle_0868.jpg,PB10CQ0006
vehicle_0869.jpg,PB35F9333
vehicle_0870.jpg,PY01Q7947
vehicle_0871.jpg,PY01CE4149
vehicle_0872.jpg,PY01AH9067
vehicle_0873.jpg,PY01CG2929
vehicle_0874.jpg,PY01CV2447
vehicle_0875.jpg,PY05A8339
vehicle_0876.jpg,PY01BU2406
vehicle_0877.jpg,PY02S9326
vehicle_0878.jpg,PY02L4602
vehicle_0879.jpg,PY01CM9549
vehicle_0880.jpg,PY01CM5400
vehicle_0881.jpg,PY02S7828
vehicle_0882.jpg,PY01AW2814
vehicle_0883.jpg,PY01AP0555
vehicle_0884.jpg,PY036993
vehicle_0885.jpg,PY01BD9020
vehicle_0886.jpg,PY055353
vehicle_0887.jpg,RJ14CM3730
vehicle_0888.jpg,RJ14CW4115
vehicle_0889.jpg,RJ20CD5118
vehicle_0890.jpg,RJ14CF5807
vehicle_0891.jpg,RJ23CB2272
vehicle_0892.jpg,RJ23CB4320
vehicle_0893.jpg,RJ20UB0137
vehicle_0894.jpg,SK01PA2969
vehicle_0895.jpg,SK01PB5004
vehicle_0896.jpg,SK02P1078
vehicle_0897.jpg,SK01T3835
vehicle_0898.jpg,SK05T0338
vehicle_0899.jpg,SK01T3794
vehicle_0900.jpg,SK01PA7708
vehicle_0901.jpg,SK01PA4521
vehicle_0902.jpg,SK01PB3596
vehicle_0903.jpg,SK04P1320
vehicle_0904.jpg,SK02P3471
vehicle_0905.jpg,SK01PA5349
vehicle_0906.jpg,SK01T8791
vehicle_0907.jpg,TN63BV7954
vehicle_0908.jpg,TN69AJ4455
vehicle_0909.jpg,TN76V1978
vehicle_0910.jpg,TN02AU9295
vehicle_0911.jpg,TN10AR0131
vehicle_0912.jpg,TN47T4464
vehicle_0913.jpg,TN19F0816
vehicle_0914.jpg,TN07BT5778
vehicle_0915.jpg,TN07AP0659
vehicle_0916.jpg,TN19Q0835
vehicle_0917.jpg,TR05B0308
vehicle_0918.jpg,TR07D0569
vehicle_0919.jpg,TR03H0259
vehicle_0920.jpg,TR02L0569
vehicle_0921.jpg,TR01N0481
vehicle_0922.jpg,TR01X0482
vehicle_0923.jpg,TR01BG0365
vehicle_0924.jpg,TR03F0375
vehicle_0925.jpg,TR01E2157
vehicle_0926.jpg,TR01AS0609
vehicle_0927.jpg,TS08FQ1262
vehicle_0928.jpg,TS11EQ2914
vehicle_0929.jpg,TS08FZ8298
vehicle_0930.jpg,TS09UA7948
vehicle_0931.jpg,TS15ES0894
vehicle_0932.jpg,TS36H6578
vehicle_0933.jpg,TS13EK6213
vehicle_0934.jpg,TS07HM2684
vehicle_0935.jpg,TS07EL3335
vehicle_0936.jpg,TS09EZ9293
vehicle_0937.jpg,TS09EZ9296
vehicle_0938.jpg,TS09EA4088
vehicle_0939.jpg,TS18T3899
vehicle_0940.jpg,TS08EZ9463
vehicle_0941.jpg,TS09EG6565
vehicle_0942.jpg,TS21J8351
vehicle_0943.jpg,UK08W2276
vehicle_0944.jpg,UK07AA2432
vehicle_0945.jpg,UK06CB4595
vehicle_0946.jpg,UK185763
vehicle_0947.jpg,UP23K0008
vehicle_0948.jpg,UK106679
vehicle_0949.jpg,UK07055789
vehicle_0950.jpg,UK07AM5665
vehicle_0951.jpg,UK07BK5014
vehicle_0952.jpg,UK06J3953
vehicle_0953.jpg,UP57H8173
vehicle_0954.jpg,UP78DB3730
vehicle_0955.jpg,UP53AK1161
vehicle_0956.jpg,UP14CV7920
vehicle_0957.jpg,UP16BD4866
vehicle_0958.jpg,UP79L0567
vehicle_0959.jpg,UP32KW7325
vehicle_0960.jpg,UP32CX3400
vehicle_0961.jpg,UP45Q3028
vehicle_0962.jpg,UP85BN4203
vehicle_0963.jpg,UP14AK8604
vehicle_0964.jpg,UP52AH9705
vehicle_0965.jpg,UP11AY0646
vehicle_0966.jpg,UP78ED0449
vehicle_0967.jpg,UP27Z7322
vehicle_0968.jpg,UP32BF3577
vehicle_0969.jpg,UP14AX9754
vehicle_0970.jpg,UP70ET7816
vehicle_0971.jpg,UP32HY6077
vehicle_0972.jpg,UP14AF3804
vehicle_0973.jpg,UP80FA1666
vehicle_0974.jpg,UP16U3849
vehicle_0975.jpg,UP32EC5577
vehicle_0976.jpg,UP16AJ0704
vehicle_0977.jpg,WB26T6688
vehicle_0978.jpg,WB08A4101
vehicle_0979.jpg,WB26S5093
vehicle_0980.jpg,WB26K2760
vehicle_0981.jpg,WB36G6682
vehicle_0982.jpg,WB12AX2987
vehicle_0983.jpg,WB06J9177
vehicle_0984.jpg,WB02AJ4534
vehicle_0985.jpg,WB06J2192
vehicle_0986.jpg,WB061061
vehicle_0987.jpg,WB02M8447
vehicle_0988.jpg,WB171717
vehicle_0989.jpg,WB02W9S3S
vehicle_0990.jpg,WB20H0271
vehicle_0991.jpg,WB20AG9041
vehicle_0992.jpg,WB06H2237
vehicle_0993.jpg,WB02A03017
vehicle_0994.jpg,WB02AD4162
vehicle_0995.jpg,WB02AM8548
vehicle_0996.jpg,WB70G3763
vehicle_0997.jpg,WB02X8795
vehicle_0998.jpg,WB06G4120
vehicle_0999.jpg,WB02AH4655
vehicle_1000.jpg,WB06J4432
vehicle_1001.jpg,WB02AA5580
vehicle_1002.png,MH01DE2780
vehicle_1003.jpg,MH03AR5549
vehicle_1004.png,MH12FU1014
vehicle_1005.png,MH43AF5037
vehicle_1006.png,MH43BU2401
vehicle_1007.png,MH46BV0688
vehicle_1008.png,MH43BP8173
vehicle_1009.png,MH46AD5258
vehicle_1010.png,MH46AD5258
vehicle_1011.png,MH46BF2342
vehicle_1012.png,MH47N4570
vehicle_1013.png,MH47N4570
vehicle_1014.png,MH47N4570
vehicle_1015.jpg,MH03DV2010
vehicle_1016.jpg,MH03DV2010
vehicle_1017.jpg,MH03DV2010
vehicle_1018.jpg,MH02EK0837
vehicle_1019.jpg,MH02EK0837
vehicle_1020.jpg,MH05DS8679
vehicle_1021.jpg,MH05DS8679
vehicle_1022.jpg,MH05DS8679
vehicle_1023.jpg,MH05DS8679
vehicle_1024.jpg,MH05DS8679
vehicle_1025.jpg,MH05DS8679
vehicle_1026.jpg,MH05DS8679
vehicle_1027.jpg,MH05DS8679
vehicle_1028.jpg,MH05DS8679
vehicle_1029.jpg,MH05DS8679
vehicle_1030.jpg,MH02EK0837
vehicle_1031.jpg,MH43AR5466
vehicle_1032.jpg,MH02EK0837
vehicle_1033.jpg,MH43AL8464
vehicle_1034.jpg,MH02EK0837
vehicle_1035.jpg,MH02EK0837
vehicle_1036.jpg,MH02EK0837
vehicle_1037.jpg,GJ15D0564
vehicle_1038.jpg,GJ15D0564
vehicle_1039.jpg,MH02EK0837
vehicle_1040.jpg,DL3CCQ0107
vehicle_1041.jpg,DL3CCQ0107
vehicle_1042.jpg,DL3CCQ0107
vehicle_1043.jpg,DL3CCQ0107
vehicle_1044.jpg,DL3CCQ0107
vehicle_1045.jpg,DL3CCQ0107
vehicle_1046.jpg,DL3CCQ0107
vehicle_1047.jpg,MH01AU0059
vehicle_1048.jpg,MH01AU0059
vehicle_1049.jpg,MH05EJ3005
vehicle_1050.jpg,MH01AU0059
vehicle_1051.jpg,MH01AU0059
vehicle_1052.jpg,MH01AU0059
vehicle_1053.jpg,MH01AU0059
vehicle_1054.jpg,MH01AU0059
vehicle_1055.jpg,MH01AU0059
vehicle_1056.jpg,MH01AU0059
vehicle_1057.jpg,MH01AU0059
vehicle_1058.jpg,MH01AU0059
vehicle_1059.jpg,MH01AU0059
vehicle_1060.jpg,MH01AU0059
vehicle_1061.jpg,MH01AU0059
vehicle_1062.jpg,MH01AU0059
vehicle_1063.jpg,MH01AU0059
vehicle_1064.jpg,MH01AU0059
vehicle_1065.jpg,MH47Y1124
vehicle_1066.jpg,MH47Y1124
vehicle_1067.jpg,MH47Y1124
vehicle_1068.jpg,MH47Y1124
vehicle_1069.jpg,MH47Y1124
vehicle_1070.jpg,MH47Y1124
vehicle_1071.jpg,MH47Y1124
vehicle_1072.jpg,MH47Y1124
vehicle_1073.jpg,MH47Y1124
vehicle_1074.jpg,MH47Y1124
vehicle_1075.jpg,MH47Y1124
vehicle_1076.jpg,MH47Y1124
vehicle_1077.jpg,MH47Y1124
vehicle_1078.jpg,MH47Y1124
vehicle_1079.jpg,MH47Y1124
vehicle_1080.jpg,MH47Y1124
vehicle_1081.jpg,MH04EX7505
vehicle_1082.jpg,MH04EX7505
vehicle_1083.jpg,MH47Y1124
vehicle_1084.jpg,MH47Y1124
vehicle_1085.jpg,MH47Y1124
vehicle_1086.jpg,MH01DB1477
vehicle_1087.jpg,MH01DB1477
vehicle_1088.jpg,MH01DB1477
vehicle_1089.jpg,MH12RT1105
vehicle_1090.jpg,MH01DB1477
vehicle_1091.jpg,MH12RT1105
vehicle_1092.jpg,MH01DB1477
vehicle_1093.jpg,MH01DB1477
vehicle_1094.jpg,MH01DB1477
vehicle_1095.jpg,MH01DB1477
vehicle_1096.jpg,MH02EZ2599
vehicle_1097.jpg,MH02BQ9628
vehicle_1098.jpg,MH02BQ9628
vehicle_1099.jpg,MH02BQ9628
vehicle_1100.jpg,MH02BQ9628
vehicle_1101.jpg,MH02BQ9628
vehicle_1102.jpg,MH02BQ9628
vehicle_1103.jpg,MH02BQ9628
vehicle_1104.jpg,MH02BQ9628
vehicle_1105.jpg,MH02BQ9628
vehicle_1106.jpg,MH02BQ9628
vehicle_1107.jpg,MH02BQ9628
vehicle_1108.jpg,MH02BQ9628
vehicle_1109.jpg,MH02BQ9628
vehicle_1110.jpg,MH02BQ9628
vehicle_1111.jpg,MH47Y1124
vehicle_1112.jpg,MH47Y1124
vehicle_1113.jpg,MH47Y1124
vehicle_1114.jpg,MH47Y1124
vehicle_1115.jpg,MH47Y1124
vehicle_1116.jpg,MH47Y1124
vehicle_1117.jpg,MH47Y1124
vehicle_1118.jpg,MH47Y1124
vehicle_1119.jpg,MH47Y1124
vehicle_1120.jpg,MH47Y1124
vehicle_1121.jpg,MH47Y1124
vehicle_1122.jpg,MH02DQ0196
vehicle_1123.jpg,MH02DQ0196
vehicle_1124.jpg,MH02DQ0196
vehicle_1125.jpg,MH02DQ0196
vehicle_1126.jpg,MH47Y1124
vehicle_1127.jpg,MH47Y1124
vehicle_1128.jpg,MH47Y1124
vehicle_1129.jpg,MH47Y1124
vehicle_1130.jpg,MH47Y1124
vehicle_1131.jpg,MH43BK9513
vehicle_1132.jpg,MH47AV6753
vehicle_1133.jpg,MH47AV6753
vehicle_1134.jpg,MH43BK9513
vehicle_1135.jpg,MH47AV6753
vehicle_1136.jpg,MH47AV6753
vehicle_1137.jpg,MH47AV6753
vehicle_1138.jpg,MH47AV6753
vehicle_1139.jpg,MH47AV6753
vehicle_1140.jpg,MH47AV6753
vehicle_1141.jpg,MH47AV6753
vehicle_1142.jpg,MH47AV6753
vehicle_1143.jpg,MH47AV6753
vehicle_1144.jpg,MH12FT9458
vehicle_1145.jpg,MH04JL5547
vehicle_1146.jpg,MH04JL5547
vehicle_1147.jpg,MH04JL5547
vehicle_1148.jpg,MH47Y1124
vehicle_1149.jpg,MH47Y1124
vehicle_1150.jpg,MH47Y1124
vehicle_1151.jpg,MH47Y1124
vehicle_1152.jpg,MH03BS4060
vehicle_1153.jpg,MH03BS4060
vehicle_1154.jpg,MH03BS4060
vehicle_1155.jpg,MH03BS4060
vehicle_1156.jpg,MH03BS4060
vehicle_1157.jpg,MH03BS4060
vehicle_1158.jpg,MH03BS4060
vehicle_1159.jpg,MH03BS4060
vehicle_1160.jpg,MH03BS4060
vehicle_1161.jpg,MH03BS4060
vehicle_1162.jpg,MH03BS4060
vehicle_1163.jpg,MH03BS4060
vehicle_1164.jpg,MH03BS4060
vehicle_1165.jpg,MH03BS4060
vehicle_1166.jpg,MH03BS4060
vehicle_1167.jpg,MH03BS4060
vehicle_1168.jpg,MH02WA8344
vehicle_1169.jpg,MH04HM4154
vehicle_1170.jpg,MH04HM4154
vehicle_1171.jpg,MH04HM4154
vehicle_1172.jpg,MH02BQ9628
vehicle_1173.jpg,MH02BQ9628
vehicle_1174.jpg,MH05DK1018
vehicle_1175.jpg,MH05DK1018
vehicle_1176.jpg,MH05DK1018
vehicle_1177.jpg,MH05DK1018
vehicle_1178.jpg,MH02BQ9628
vehicle_1179.jpg,MH02BQ9628
vehicle_1180.jpg,MH02BQ9628
vehicle_1181.jpg,MH02BQ9628
vehicle_1182.jpg,MH03AT3856
vehicle_1183.jpg,MH03AT3856
vehicle_1184.jpg,MH03CB0229
vehicle_1185.jpg,MH03AR7140
vehicle_1186.jpg,MH03AR7140
vehicle_1187.jpg,MH04JM8262
vehicle_1188.jpg,MH03AR7140
vehicle_1189.jpg,MH03DK2961
vehicle_1190.jpg,MH03DK2961
vehicle_1191.jpg,MH03AF1911
vehicle_1192.jpg,MH01AM9839
vehicle_1193.jpg,MH01AM9839
vehicle_1194.jpg,MH02DZ9898
vehicle_1195.jpg,MH02DZ9898
vehicle_1196.jpg,MH04JM3383
vehicle_1197.jpg,MH01DB2561
vehicle_1198.jpg,MH01DB2561
vehicle_1199.jpg,MH01BT4302
vehicle_1200.jpg,MH01BM4824
vehicle_1201.jpg,MH01BM4824
vehicle_1202.jpg,MH01BM4824
vehicle_1203.jpg,MH03DU5196
vehicle_1204.jpg,MH03DU5196
vehicle_1205.jpg,MH03DU5196
vehicle_1206.jpg,MH01DK4867
vehicle_1207.jpg,MH02CW8226
vehicle_1208.jpg,MH01DK4867
vehicle_1209.jpg,MH02CW8226
vehicle_1210.jpg,MH02MA5324
vehicle_1211.jpg,MH02MA5324
vehicle_1212.jpg,MH02MA5324
vehicle_1213.jpg,MH02MA5324
vehicle_1214.jpg,MH02MA5324
vehicle_1215.jpg,MH02MA5324
vehicle_1216.jpg,MH02MA5324
vehicle_1217.jpg,MH02MA5324
vehicle_1218.jpg,MH01AM5810
vehicle_1219.jpg,MH01AM5810
vehicle_1220.jpg,MH01AM5810
vehicle_1221.jpg,MH01AX3070
vehicle_1222.jpg,MH01AX3070
vehicle_1223.jpg,MH01AX3070
vehicle_1224.jpg,MH01AX3070
vehicle_1225.jpg,MH01AX3070
vehicle_1226.jpg,MH03CP1328
vehicle_1227.jpg,MH03CP1328
vehicle_1228.jpg,MH03CP1328
vehicle_1229.jpg,MH03CP1328
vehicle_1230.jpg,MH03CP1328
vehicle_1231.jpg,MH03CP1328
vehicle_1232.jpg,MH03CP1328
vehicle_1233.jpg,MH03CP1328
vehicle_1234.jpg,MH03CP1328
vehicle_1235.jpg,MH03CP1328
vehicle_1236.jpg,MH01AM7014
vehicle_1237.jpg,MH01AM7014
vehicle_1238.jpg,MH02DQ0196
vehicle_1239.jpg,MH02DQ0196
vehicle_1240.jpg,MH01AX3070
vehicle_1241.jpg,MH01AX3070
vehicle_1242.jpg,MH01AX3070
vehicle_1243.jpg,MH01AX3070
vehicle_1244.jpg,MH01AX3070
vehicle_1245.jpg,MH01AX3070
vehicle_1246.jpg,MH01AX3070
vehicle_1247.jpg,MH01AX3070
vehicle_1248.jpg,MH47Y1124
vehicle_1249.jpg,MH47Y1124
vehicle_1250.jpg,MH02BG9542
vehicle_1251.jpg,MH02BG9542
vehicle_1252.jpg,GJ15CD0564
vehicle_1253.jpg,GJ15CD0564
vehicle_1254.jpg,MH02BG9542
vehicle_1255.jpg,MH02BG9542
vehicle_1256.jpg,MH02BG9542
vehicle_1257.jpg,MH02BG9542
vehicle_1258.jpg,MH02EK4399
vehicle_1259.jpg,MH01DP5662
vehicle_1260.jpg,MH02EN6828
vehicle_1261.jpg,DL8CN6308
vehicle_1262.jpg,DL8CN6308
vehicle_1263.jpg,DL8CN6308
vehicle_1264.jpg,DL8CN6308
vehicle_1265.jpg,DL8CN6308
vehicle_1266.jpg,MH02EK4399
vehicle_1267.jpg,DL8CN6308
vehicle_1268.jpg,DL8CN6308
vehicle_1269.jpg,MH47Y0205
vehicle_1270.jpg,MH02EU4884
vehicle_1271.jpg,MH47Y0205
vehicle_1272.jpg,MH47Y0205
vehicle_1273.jpg,MH47Y0205
vehicle_1274.jpg,MH02EU4884
vehicle_1275.jpg,MH02EU4884
vehicle_1276.jpg,MH02EK5817
vehicle_1277.jpg,MH02DN8718
vehicle_1278.jpg,MH03DA4505
vehicle_1279.jpg,MH02DN8718
vehicle_1280.jpg,MH02DN8718
vehicle_1281.jpg,MH02EP4454
vehicle_1282.jpg,MH02EU4884
vehicle_1283.jpg,MH02EZ6482
vehicle_1284.jpg,MH03BS8519
vehicle_1285.jpg,MH47AG4326
vehicle_1286.jpg,MH02AQ2299
vehicle_1287.jpg,MH02AQ2299
vehicle_1288.jpg,MH02AQ2299
vehicle_1289.jpg,MH47N2829
vehicle_1290.jpg,MH47N2829
vehicle_1291.jpg,MH47N2829
vehicle_1292.jpg,MH02DN8718
vehicle_1293.jpg,MH02DN8718
vehicle_1294.jpg,MH02AQ2299
vehicle_1295.jpg,MH02DN8718
vehicle_1296.jpg,MH02AQ2299
vehicle_1297.jpg,MH02BT6482
vehicle_1298.jpg,MH02DN8718
vehicle_1299.jpg,MH02BT6482
vehicle_1300.jpg,MH02BT6482
vehicle_1301.jpg,MH02BT6482
vehicle_1302.jpg,MH02DN8718
vehicle_1303.jpg,MH02BT6482
vehicle_1304.jpg,MH04HP6100
vehicle_1305.jpg,MH04HP6100
vehicle_1306.jpg,MH02DN8718
vehicle_1307.jpg,MH01AV8814
vehicle_1308.jpg,MH01AV8814
vehicle_1309.jpg,MH02DN8718
vehicle_1310.jpg,MH01AV8814
vehicle_1311.jpg,MH01AV8814
vehicle_1312.jpg,MH02DN8718
vehicle_1313.jpg,MH02BT6482
vehicle_1314.jpg,MH02BT6482
vehicle_1315.jpg,MH02DN8718
vehicle_1316.jpg,MH02DN8718
vehicle_1317.jpg,MH02BT6482
vehicle_1318.jpg,MH02BT6482
vehicle_1319.jpg,MH02BT6482
vehicle_1320.jpg,MH02DN8718
vehicle_1321.jpg,MH02BT6482
vehicle_1322.jpg,MH02BT6482
vehicle_1323.jpg,MH02BT6482
vehicle_1324.jpg,MH02BT6482
vehicle_1325.jpg,MH02BT6482
vehicle_1326.jpg,MH02BT6482
vehicle_1327.jpg,MH02BT6482
vehicle_1328.jpg,MH02BT6482
vehicle_1329.jpg,MH02BT6482
vehicle_1330.jpg,MH02BJ2456
vehicle_1331.jpg,MH02BJ2456
vehicle_1332.jpg,MH02BJ2456
vehicle_1333.jpg,MH02BR4503
vehicle_1334.jpg,ME02EE4077
vehicle_1335.jpg,MH02EE8407
vehicle_1336.jpg,MH02EE8407
vehicle_1337.jpg,MH02EE8407
vehicle_1338.jpg,MH02EE8407
vehicle_1339.jpg,MH02EK4399
vehicle_1340.jpg,MH02EK4399
vehicle_1341.jpg,MH02EK4399
vehicle_1342.jpg,MH02EK4399
vehicle_1343.jpg,MH02BT6482
vehicle_1344.jpg,MH02BT6482
vehicle_1345.jpg,MH02BT6482
vehicle_1346.jpg,MH02BT6482
vehicle_1347.jpg,MH02BT6482
vehicle_1348.jpg,MH02CL4017
vehicle_1349.jpg,MH02CL4017
vehicle_1350.jpg,MH02CL4017
vehicle_1351.jpg,MH14DX9938
vehicle_1352.jpg,MH14DX9938
vehicle_1353.jpg,MH14DX9938
vehicle_1354.jpg,MH14DX9938
vehicle_1355.jpg,MH14DX9938
vehicle_1356.jpg,MH02EE8407
vehicle_1357.jpg,MH02EE8407
vehicle_1358.jpg,MH02EE8407
vehicle_1359.jpg,MH02EE8407
vehicle_1360.jpg,MH02EE8407
vehicle_1361.jpg,MH02EE8407
vehicle_1362.jpg,MH02EE8407
vehicle_1363.jpg,MH02BT6482
vehicle_1364.jpg,MH02BT6482
vehicle_1365.jpg,MH02BT6482
vehicle_1366.jpg,MH02BT6482
vehicle_1367.jpg,MH02BT6482
vehicle_1368.jpg,MH02BT6482
vehicle_1369.jpg,MH02BT6482
vehicle_1370.jpg,MH02BT6482
vehicle_1371.jpg,MH02EU4077
vehicle_1372.jpg,MH02EU4077
vehicle_1373.jpg,MH02EU4077
vehicle_1374.jpg,MH02EU4077
vehicle_1375.jpg,MH02EU4077
vehicle_1376.jpg,MH02EU4077
vehicle_1377.jpg,MH02EU4077
vehicle_1378.jpg,MH02EU4077
vehicle_1379.jpg,MH01BD2186
vehicle_1380.jpg,MH01BD2186
vehicle_1381.jpg,MH02ER9194
vehicle_1382.jpg,MH02ER9194
vehicle_1383.jpg,MH02ER9194
vehicle_1384.jpg,MH02ER9194
vehicle_1385.jpg,MH02ER9194
vehicle_1386.jpg,MH02ER9194
vehicle_1387.jpg,MH02BT6482
vehicle_1388.jpg,MH02BT6482
vehicle_1389.jpg,MH02BT6482
vehicle_1390.jpg,MH02BT6482
vehicle_1391.jpg,MH02BT6482
vehicle_1392.jpg,MH02BT6482
vehicle_1393.jpg,MH02BT6482
vehicle_1394.jpg,MH02BT6482
vehicle_1395.jpg,MH02BT6482
vehicle_1396.jpg,MH14FS5229
vehicle_1397.jpg,MH01CT1710
vehicle_1398.jpg,MH14FM6930
vehicle_1399.jpg,MH02EP5740
vehicle_1400.jpg,MH02EP5740
vehicle_1401.jpg,MH02ER9194
vehicle_1402.jpg,MH02ER9194
vehicle_1403.jpg,MH02ER9194
vehicle_1404.jpg,MH02ER9194
vehicle_1405.jpg,MH02ER9194
vehicle_1406.jpg,MH02ER9194
vehicle_1407.jpg,MH02ER9194
vehicle_1408.jpg,MH02ER9194
vehicle_1409.jpg,MH02ER9194
vehicle_1410.jpg,MH02ER9194
vehicle_1411.jpg,MH02ER9194
vehicle_1412.jpg,MH02ER9194
vehicle_1413.jpg,MH02ER9194
vehicle_1414.jpg,GJ12FA0735
vehicle_1415.jpg,MH02DS3099
vehicle_1416.jpg,MH02DS3099
vehicle_1417.jpg,MH04DW9020
vehicle_1418.jpg,MH04DW9020
vehicle_1419.jpg,MH04DW9020
vehicle_1420.jpg,MH04DW9020
vehicle_1421.jpg,MH04DW9020
vehicle_1422.jpg,MH04DW9020
vehicle_1423.jpg,MH04DW9020
vehicle_1424.jpg,MH01CT9150
vehicle_1425.jpg,MH01CT9150
vehicle_1426.jpg,MH01CT9150
vehicle_1427.jpg,MH01CT9150
vehicle_1428.jpg,MH01CT9150
vehicle_1429.jpg,MH01CT9150
vehicle_1430.jpg,MH01CT9150
vehicle_1431.jpg,MH01CT9150
vehicle_1432.jpg,MH01CT9150
vehicle_1433.jpg,MH01AH8495
vehicle_1434.jpg,MH01AH8495
vehicle_1435.jpg,MH01AH8495
vehicle_1436.jpg,MH01AH8495
vehicle_1437.jpg,MH01AH8495
vehicle_1438.jpg,MH01AH8495
vehicle_1439.jpg,MH01AH8495
vehicle_1440.jpg,MH02AK5481
vehicle_1441.jpg,MH02AK5481
vehicle_1442.jpg,MH01BU1852
vehicle_1443.jpg,MH01BU1852
vehicle_1444.jpg,MH01BU1852
vehicle_1445.jpg,MH01BU1852
vehicle_1446.jpg,MH01BU1852
vehicle_1447.jpg,MH01BU1852
vehicle_1448.jpg,MH01AV7461
vehicle_1449.jpg,MH01AV7461
vehicle_1450.jpg,MH01AV7461
vehicle_1451.jpg,MH01AV7461
vehicle_1452.jpg,MH01AV7461
vehicle_1453.jpg,MH01AV7461
vehicle_1454.jpg,MH01AV7461
vehicle_1455.jpg,MH01AV7461
vehicle_1456.jpg,MH01AV7461
vehicle_1457.jpg,MH01AV7461
vehicle_1458.jpg,MH01AV7461
vehicle_1459.jpg,MH01AV7461
vehicle_1460.jpg,MH02JA9655
vehicle_1461.jpg,MH01JA8939
vehicle_1462.jpg,MH01JA8939
vehicle_1463.jpg,MH01JA8939
vehicle_1464.jpg,MH01AX1113
vehicle_1465.jpg,MH01AX1113
vehicle_1466.jpg,MH01AL9693
vehicle_1467.jpg,MH01AL9693
vehicle_1468.jpg,MH04GM7982
vehicle_1469.jpg,MH01AL9693
vehicle_1470.jpg,MH01AL9693
vehicle_1471.jpg,MH01AL9693
vehicle_1472.jpg,MH04GM7982
vehicle_1473.jpg,MH02DJ8952
vehicle_1474.jpg,MH02DJ8952
vehicle_1475.jpg,MH02DJ8952
vehicle_1476.jpg,MH02DJ8952
vehicle_1477.jpg,MH02DW8021
vehicle_1478.jpg,MH02DW8021
vehicle_1479.jpg,MH02DW8021
vehicle_1480.jpg,MH02DW8021
vehicle_1481.jpg,MH02DW8021
vehicle_1482.jpg,MH02DW8021
vehicle_1483.jpg,MH02DW8021
vehicle_1484.jpg,MH02DW8021
vehicle_1485.jpg,MH02DW8021
vehicle_1486.jpg,MH02DW8021
vehicle_1487.jpg,MH02DW8021
vehicle_1488.jpg,MH02DN6980
vehicle_1489.jpg,MH01BY7658
vehicle_1490.jpg,MH01BY7658
vehicle_1491.jpg,MH03CS6266
vehicle_1492.jpg,MH03CS6266
vehicle_1493.jpg,MH03CS6266
vehicle_1494.jpg,MH03CS6266
vehicle_1495.jpg,MH03CS6266
vehicle_1496.jpg,MH03CS6266
vehicle_1497.jpg,MH03CS6266
vehicle_1498.jpg,MH03CS6266
vehicle_1499.jpg,MH03CS6266
vehicle_1500.jpg,MH01CV6333
vehicle_1501.jpg,MH01CV6333
vehicle_1502.jpg,MH01CV6333
vehicle_1503.jpg,MH03CS6266
vehicle_1504.jpg,MH03CS6266
vehicle_1505.jpg,MH03CS6266
vehicle_1506.jpg,MH03CS6266
vehicle_1507.jpg,MH03CS6266
vehicle_1508.jpg,MH03CS6266
vehicle_1509.jpg,MH03CS6266
vehicle_1510.jpg,MH03CS6266
vehicle_1511.jpg,MH01CY6333
vehicle_1512.jpg,MH03CS6266
vehicle_1513.jpg,MH03CS6266
vehicle_1514.jpg,MH03CS6266
vehicle_1515.jpg,MH03CS6266
vehicle_1516.jpg,MH03CS6266
vehicle_1517.jpg,MH03CS6266
vehicle_1518.jpg,MH03CS6266
vehicle_1519.jpg,MH03CS6266
vehicle_1520.jpg,MH03CS6266
vehicle_1521.jpg,MH03CS6266
vehicle_1522.jpg,MH02DS9365
vehicle_1523.jpg,MH02DS9365
vehicle_1524.jpg,MH02DS9365
vehicle_1525.jpg,MH02DS9365
vehicle_1526.jpg,MH02DS9365
vehicle_1527.jpg,MH02DS9365
vehicle_1528.jpg,MH02DS9365
vehicle_1529.jpg,MH02DS9365
vehicle_1530.jpg,MH02DS9365
vehicle_1531.jpg,MH02DS9365
vehicle_1532.jpg,MH02DS9365
vehicle_1533.jpg,MH02DS9365
vehicle_1534.jpg,MH02DS9365
vehicle_1535.jpg,MH02DS9365
vehicle_1536.jpg,MH02DS9365
vehicle_1537.jpg,MH02DS9365
vehicle_1538.jpg,PB11AG0774
vehicle_1539.jpg,PB11AG0774
vehicle_1540.jpg,PB11AG0774
vehicle_1541.jpg,MH06AZ3571
vehicle_1542.jpg,PB11AG0774
vehicle_1543.jpg,MH01BD1897
vehicle_1544.jpg,MHD1CV9311
vehicle_1545.jpg,MHD1CV9311
vehicle_1546.jpg,PB11AG0774
vehicle_1547.jpg,MH02DS9365
vehicle_1548.jpg,MH02DS9365
vehicle_1549.jpg,MH02DS9365
vehicle_1550.jpg,MH02DS9365
vehicle_1551.jpg,MH02DS9365
vehicle_1552.jpg,MH02DS9365
vehicle_1553.jpg,MH02DS9365
vehicle_1554.jpg,MH02DS9365
vehicle_1555.jpg,MH02DS9365
vehicle_1556.jpg,MH02DS9365
vehicle_1557.jpg,MH02DS9365
vehicle_1558.jpg,MH02DS9365
vehicle_1559.jpg,MH02DS9365
vehicle_1560.jpg,MH02DS9365
vehicle_1561.jpg,MH02DS9365
vehicle_1562.jpg,MH02DS9365
vehicle_1563.jpg,MH02DS9365
vehicle_1564.jpg,MH02DS9365
vehicle_1565.jpg,MH02CD3654
vehicle_1566.jpg,MH02CD3654
vehicle_1567.jpg,MH02EE6842
vehicle_1568.jpg,MH02EE6842
vehicle_1569.jpg,MH02EE6842
vehicle_1570.jpg,MH03AM3025
vehicle_1571.jpg,MH03AM3025
vehicle_1572.jpg,MH03AM3025
vehicle_1573.jpg,MH12DG7144
vehicle_1574.jpg,MH02CR4364
vehicle_1575.jpg,MH02CR4364
vehicle_1576.jpg,MH02CR4364
vehicle_1577.jpg,MH01BG7161
vehicle_1578.jpg,MH01BG7161
vehicle_1579.jpg,MH01BG7161
vehicle_1580.jpg,MH01BG7161
vehicle_1581.jpg,MH01BG7161
vehicle_1582.jpg,MH01BG7161
vehicle_1583.jpg,MH4705851
vehicle_1584.jpg,MH4705851
vehicle_1585.jpg,MH4705851
vehicle_1586.jpg,MH4705851
vehicle_1587.jpg,MH4705851
vehicle_1588.jpg,MH4705851
vehicle_1589.jpg,MH4705851
vehicle_1590.jpg,MH4705851
vehicle_1591.jpg,MH4705851
vehicle_1592.jpg,MH4705851
vehicle_1593.jpg,MH4705851
vehicle_1594.jpg,MH4705851
vehicle_1595.jpg,MH4705851
vehicle_1596.jpg,MH4705851
vehicle_1597.jpg,MH47AZ8323
vehicle_1598.jpg,MH02EH1077
vehicle_1599.jpg,MH02CD3654
vehicle_1600.jpg,MH02CR8276
vehicle_1601.jpg,MH02CR8276
vehicle_1602.jpg,MH01BT9066
vehicle_1603.jpg,MH01BT9066
vehicle_1604.jpg,MH01BT9066
vehicle_1605.jpg,MH01BT9066
vehicle_1606.jpg,MH4705851
vehicle_1607.jpg,MH02FD6534
vehicle_1608.jpg,MH4705851
vehicle_1609.jpg,MH4705851
vehicle_1610.jpg,MH47AU1306
vehicle_1611.jpg,MH47AU1306
vehicle_1612.jpg,MH47AU1306
vehicle_1613.jpg,MH010PO323
vehicle_1614.jpg,MH01CR7388
vehicle_1615.jpg,MH01CR7388
vehicle_1616.jpg,MH01CR7388
vehicle_1617.jpg,MH01CR7388
vehicle_1618.jpg,MH01CR7388
vehicle_1619.jpg,MH12SF3212
vehicle_1620.jpg,MH12SF3212
vehicle_1621.jpg,MH12SF3212
vehicle_1622.jpg,MH02DS4676
vehicle_1623.jpg,MH01BT0050
vehicle_1624.jpg,MH01BT0050
vehicle_1625.jpg,MH01BT0050
vehicle_1626.jpg,MH01BT0050
vehicle_1627.jpg,MH01BT0050
vehicle_1628.jpg,MH038C6247
vehicle_1629.jpg,MH02CD7733
vehicle_1630.jpg,MH02CD7733
vehicle_1631.jpg,MH04CT3566
vehicle_1632.jpg,MH04CT3566
vehicle_1633.jpg,MH04CT3566
vehicle_1634.jpg,MH04CT3566
vehicle_1635.jpg,MH01DT1917
vehicle_1636.jpg,MH01DT1917
vehicle_1637.jpg,MH01DT1917
vehicle_1638.jpg,MH01DT1917
vehicle_1639.jpg,MH01DT1917
vehicle_1640.jpg,MH01DT1917
vehicle_1641.jpg,MH02FN2783
vehicle_1642.jpg,MH02FN2783
vehicle_1643.jpg,MH02FN2783
vehicle_1644.jpg,MH02FN2783
vehicle_1645.jpg,MH48AW0091
vehicle_1646.jpg,MH02FN2783
vehicle_1647.jpg,MH02FN2783
vehicle_1648.jpg,MH02FN2783
vehicle_1649.jpg,MH02FN2783
vehicle_1650.jpg,MH02FN2783
vehicle_1651.jpg,MH01DT1917
vehicle_1652.jpg,MH01DT1917
vehicle_1653.jpg,MH01DT1917
vehicle_1654.jpg,MH01DT1917
vehicle_1655.jpg,MH01CP2655
